repo,path
neo4jrb/activegraph,code_of_conduct.md
mime-types/ruby-mime-types,Code-of-Conduct.md
maca/scruby,CODE_OF_CONDUCT.md
beanstalkd/beanstalkd,CodeOfConduct.txt
CarlosGabaldon/reggie,CODE_OF_CONDUCT.md
spree/spree,CODE_OF_CONDUCT.md
sparklemotion/nokogiri,CODE_OF_CONDUCT.md
git/git,CODE_OF_CONDUCT.md
holidays/holidays,CODE_OF_CONDUCT.md
nanoc/nanoc,CODE_OF_CONDUCT.md
gaphor/gaphas,CODE_OF_CONDUCT.md
angular/angular.js,CODE_OF_CONDUCT.md
ReactionMechanismGenerator/RMG-Py,CODE_OF_CONDUCT.md
ccnmtl/mediathread,CODE_OF_CONDUCT.md
VsVim/VsVim,CODE_OF_CONDUCT.md
gaphor/gaphor,CODE_OF_CONDUCT.md
pouchdb/pouchdb,CODE_OF_CONDUCT.md
SBJson/SBJson,CODE_OF_CONDUCT.md
tendenci/tendenci,CODE_OF_CONDUCT.md
http-party/node-http-proxy,CODE_OF_CONDUCT.md
HHRy/prawn-graph,CODE_OF_CONDUCT.md
GeoNode/geonode,CODE_OF_CONDUCT.md
alastairhm/pyBrick,CODE_OF_CONDUCT.md
tweenjs/tween.js,CODE_OF_CONDUCT.md
rust-lang/rust,CODE_OF_CONDUCT.md
fabricjs/fabric.js,CODE_OF_CONDUCT.md
apache/jmeter,CODE_OF_CONDUCT.md
gaphor/generic,CODE_OF_CONDUCT.md
Graylog2/graylog2-server,CODE_OF_CONDUCT.md
aws/aws-sdk-java,CODE_OF_CONDUCT.md
janlelis/clipboard,CODE_OF_CONDUCT.md
rabbitmq/rabbitmq-java-client,CODE_OF_CONDUCT.md
petergoldstein/dalli,code_of_conduct.md
Falkor/dotfiles,CODE_OF_CONDUCT.md
janlelis/sugar_refinery,CODE_OF_CONDUCT.md
rails-sqlserver/tiny_tds,CODE_OF_CONDUCT.md
scikit-learn/scikit-learn,CODE_OF_CONDUCT.md
rabbitmq/rabbitmq-toke,CODE_OF_CONDUCT.md
NodeRedis/node-redis,CODE_OF_CONDUCT.md
jmeter-maven-plugin/jmeter-maven-plugin,CODE_OF_CONDUCT.md
etorreborre/specs2,CODE_OF_CONDUCT.md
getsentry/sentry,CODE_OF_CONDUCT.md
rabbitmq/rabbitmq-server,CODE_OF_CONDUCT.md
rabbitmq/rabbitmq-stomp,CODE_OF_CONDUCT.md
sass/sass,CODE_OF_CONDUCT.md
rabbitmq/rabbitmq-management,CODE_OF_CONDUCT.md
Blosc/bcolz,CODE_OF_CONDUCT.md
rabbitmq/rabbitmq-codegen,CODE_OF_CONDUCT.md
rabbitmq/rabbitmq-erlang-client,CODE_OF_CONDUCT.md
serialport/node-serialport,CODE_OF_CONDUCT.md
dannnylo/rtesseract,CODE_OF_CONDUCT.md
sauce-archives/sauce_ruby,code_of_conduct.markdown
rabbitmq/rabbitmq-public-umbrella,CODE_OF_CONDUCT.md
presidentbeef/brakeman,CODE_OF_CONDUCT.md
Blosc/python-blosc,code_of_conduct.md
voormedia/rails-erd,CODE_OF_CONDUCT.md
illumos/illumos-gate,CODE_OF_CONDUCT.md
rabbitmq/rabbitmq-shovel,CODE_OF_CONDUCT.md
janlelis/irbtools,CODE_OF_CONDUCT.md
psychopy/psychopy,code-of-conduct.md
rabbitmq/rabbitmq-dotnet-client,CODE_OF_CONDUCT.md
rabbitmq/rabbitmq-management-agent,CODE_OF_CONDUCT.md
rabbitmq/rabbitmq-auth-backend-ldap,CODE_OF_CONDUCT.md
janlelis/fancy_irb,CODE_OF_CONDUCT.md
moumar/ruby-audioinfo,CODE_OF_CONDUCT.md
aws/aws-toolkit-eclipse,CODE_OF_CONDUCT.md
rabbitmq/rabbitmq-amqp1.0,CODE_OF_CONDUCT.md
catchorg/Catch2,CODE_OF_CONDUCT.md
ajaxorg/ace,CODE_OF_CONDUCT.md
senecajs/seneca,CODE_OF_CONDUCT.md
aces/Loris,CODE_OF_CONDUCT.md
jtsage/jtsage-datebox,CODE_OF_CONDUCT.md
rabbitmq/rabbitmq-auth-mechanism-ssl,CODE_OF_CONDUCT.md
jshint/jshint,CODE_OF_CONDUCT.md
jpadilla/pyjwt,CODE_OF_CONDUCT.md
janlelis/wirb,CODE_OF_CONDUCT.md
ghorsey/OpenGraph-Net,CODE_OF_CONDUCT.md
jazzband/django-simple-history,CODE_OF_CONDUCT.md
stlink-org/stlink,CODE_OF_CONDUCT.md
janlelis/unicode-display_width,CODE_OF_CONDUCT.md
forcedotcom/wsc,CODE_OF_CONDUCT.md
sparanoid/sparanoid.com,CODE_OF_CONDUCT.md
rabbitmq/rabbitmq-federation,CODE_OF_CONDUCT.md
rabbitmq/rabbitmq-recent-history-exchange,CODE_OF_CONDUCT.md
yasslab/whistle,CODE_OF_CONDUCT.md
cakephp/docs,CODE_OF_CONDUCT.md
rabbitmq/rabbitmq-auth-backend-amqp,CODE_OF_CONDUCT.md
rabbitmq/rabbitmq-metronome,CODE_OF_CONDUCT.md
ufz/ogs,CODE_OF_CONDUCT.md
joecorcoran/judge,CODE_OF_CONDUCT.md
ajaxorg/treehugger,CODE_OF_CONDUCT.md
scala/scala-dist,CODE_OF_CONDUCT.md
rabbitmq/rabbitmq-auth-backend-http,CODE_OF_CONDUCT.md
AcademySoftwareFoundation/OpenShadingLanguage,CODE_OF_CONDUCT.md
janlelis/paint,CODE_OF_CONDUCT.md
JarrettBillingsley/Croc,contributor_code_of_conduct.md
tastejs/todomvc,code-of-conduct.md
DiUS/java-faker,CODE_OF_CONDUCT.md
nutzam/nutz,CODE_OF_CONDUCT.md
bkuhlmann/gemsmith,CODE_OF_CONDUCT.adoc
Kegbot/kegbot-server,CODE_OF_CONDUCT.md
fluent/fluentd,code-of-conduct.md
rabbitmq/rabbitmq-management-visualiser,CODE_OF_CONDUCT.md
rabbitmq/rabbitmq-shovel-management,CODE_OF_CONDUCT.md
Blosc/c-blosc,code_of_conduct.md
frappe/frappe,CODE_OF_CONDUCT.md
seattlejs/seattlejs,code-of-conduct.md
frappe/erpnext,CODE_OF_CONDUCT.md
handsontable/handsontable,CODE_OF_CONDUCT.md
houseabsolute/List-AllUtils,CODE_OF_CONDUCT.md
houseabsolute/DateTime-Format-Strptime,CODE_OF_CONDUCT.md
gfrenoy/TabT-API,CODE_OF_CONDUCT.md
rbenv/ruby-build,CODE_OF_CONDUCT.md
houseabsolute/DateTime.pm,CODE_OF_CONDUCT.md
bkuhlmann/dotfiles,CODE_OF_CONDUCT.adoc
houseabsolute/DateTime-TimeZone,CODE_OF_CONDUCT.md
houseabsolute/Log-Dispatch,CODE_OF_CONDUCT.md
houseabsolute/Courriel,CODE_OF_CONDUCT.md
haacked/CodeHaacks,CODE_OF_CONDUCT.md
rabbitmq/rabbitmq-tracing,CODE_OF_CONDUCT.md
UNIVALI-LITE/Portugol-Studio,CODE_OF_CONDUCT.md
houseabsolute/DateTime-Locale,CODE_OF_CONDUCT.md
csf-dev/ZPT-Sharp,CODE_OF_CONDUCT.md
vorple/vorple,CODE_OF_CONDUCT.md
forcedotcom/SalesforceMobileSDK-iOS,CODE_OF_CONDUCT.md
rapid7/metasploit-framework,CODE_OF_CONDUCT.md
houseabsolute/Markdent,CODE_OF_CONDUCT.md
houseabsolute/Params-Validate,CODE_OF_CONDUCT.md
Kecon/JSocksProxy,CODE_OF_CONDUCT.md
rbenv/rbenv,CODE_OF_CONDUCT.md
lodestone/kindle,CODE_OF_CONDUCT.adoc
indico/indico,CODE_OF_CONDUCT.md
aws/aws-sdk-ruby,CODE_OF_CONDUCT.md
rabbitmq/rabbitmq-federation-management,CODE_OF_CONDUCT.md
albertz/CPython,CODE_OF_CONDUCT.rst
rabbitmq/rabbitmq-consistent-hash-exchange,CODE_OF_CONDUCT.md
foundation/foundation-sites,code-of-conduct.md
scala/docs.scala-lang,CODE_OF_CONDUCT.md
joecorcoran/cities,CODE_OF_CONDUCT.md
Commonjava/indy,CODE_OF_CONDUCT.md
miniupnp/miniupnp,CODE_OF_CONDUCT
dispatch/reboot,CODE_OF_CONDUCT.md
unrelentingtech/clj-http-fake,CODE_OF_CONDUCT.md
mailpile/Mailpile,CODE_OF_CONDUCT.md
okfn/licenses,CODE_OF_CONDUCT.md
MvvmCross/MvvmCross,CODE_OF_CONDUCT.md
phalcon/cphalcon,CODE_OF_CONDUCT.md
Scifabric/pybossa,CODE_OF_CONDUCT.md
chocoteam/choco-solver,CODE_OF_CONDUCT.md
forcedotcom/SalesforceMobileSDK-Shared,CODE_OF_CONDUCT.md
haacked/routemagic,CODE_OF_CONDUCT.md
forcedotcom/SalesforceMobileSDK-Android,CODE_OF_CONDUCT.md
mozmeao/lumbergh,CODE_OF_CONDUCT.md
bkuhlmann/alfred,CODE_OF_CONDUCT.adoc
geotools/geotools,CODE_OF_CONDUCT.md
scala/scala,CODE_OF_CONDUCT.md
yetibot/yetibot,CODE_OF_CONDUCT.md
GHamrouni/Recommender,CODE_OF_CONDUCT.md
collectd/collectd,CODE_OF_CONDUCT.md
googleapis/signet,CODE_OF_CONDUCT.md
janlelis/pws,CODE_OF_CONDUCT.md
sass/libsass,CODE_OF_CONDUCT.md
gnuradio/gnuradio,CODE_OF_CONDUCT.md
simple-statistics/simple-statistics,code_of_conduct.md
virtualstaticvoid/heroku-buildpack-r,CODE_OF_CONDUCT.md
rinde/RinSim,CODE_OF_CONDUCT.md
houseabsolute/HTML-Mason,CODE_OF_CONDUCT.md
neo4jrb/neo4j-core,code_of_conduct.md
bkuhlmann/navigator,CODE_OF_CONDUCT.adoc
XAMLMarkupExtensions/XAMLMarkupExtensions,CODE_OF_CONDUCT.md
vorburger/MariaDB4j,CODE_OF_CONDUCT.md
googleapis/google-api-ruby-client,CODE_OF_CONDUCT.md
chef-boneyard/ohai,CODE_OF_CONDUCT.md
chef-boneyard/ubuntu,CODE_OF_CONDUCT.md
chef-boneyard/windows,CODE_OF_CONDUCT.md
mrodalgaard/Personal-Page,CODE_OF_CONDUCT.md
sass/sass-site,CODE_OF_CONDUCT.md
snd/url-pattern,CODE_OF_CONDUCT.md
haacked/seegit,CODE_OF_CONDUCT.md
nolimits4web/swiper,CODE_OF_CONDUCT.md
bkuhlmann/pennyworth,CODE_OF_CONDUCT.adoc
AcademySoftwareFoundation/openexr,CODE_OF_CONDUCT.md
notepadqq/notepadqq,CODE_OF_CONDUCT.md
c9/architect,CODE_OF_CONDUCT.md
CppMicroServices/CppMicroServices,CODE_OF_CONDUCT.rst
balderdashy/sails,CODE-OF-CONDUCT.md
github-tools/github,CODE_OF_CONDUCT.md
base62/base62.js,CODE_OF_CONDUCT.md
borkweb/BootstrapMediaWiki,CODE_OF_CONDUCT.md
chef-boneyard/heartbeat,CODE_OF_CONDUCT.md
cfengine/core,CODE_OF_CONDUCT.md
kra3/py-ga-mob,CODE_OF_CONDUCT.md
KhronosGroup/OpenCOLLADA,CODE_OF_CONDUCT.md
UNU-Macau/kendrick,CODE_OF_CONDUCT.md
rabbitmq/rabbitmq-web-stomp-examples,CODE_OF_CONDUCT.md
scala/scala-lang,CODE_OF_CONDUCT.md
bkuhlmann/ubuntu,CODE_OF_CONDUCT.adoc
dedupeio/dedupe,CODE_OF_CONDUCT.md
PastVu/pastvu,CODE_OF_CONDUCT.md
jrnl-org/jrnl,CODE_OF_CONDUCT.md
ycm-core/YouCompleteMe,CODE_OF_CONDUCT.md
maghead/maghead,CODE_OF_CONDUCT.md
rabbitmq/rabbitmq-web-stomp,CODE_OF_CONDUCT.md
basho-labs/the-basho-community,code-of-conduct.md
snd/passage,CODE_OF_CONDUCT.md
mozmeao/snippets,CODE_OF_CONDUCT.md
gkossakowski/gkossakowski.github.io,CODE_OF_CONDUCT.md
sass/node-sass,CODE_OF_CONDUCT.md
getnikola/nikola,CODE_OF_CONDUCT.md
ajaxorg/ace-builds,CODE_OF_CONDUCT.md
sass/sassc,CODE_OF_CONDUCT.md
KhronosGroup/COLLADA-CTS,CODE_OF_CONDUCT.md
houseabsolute/perl-code-tidyall,CODE_OF_CONDUCT.md
rpkamp/chrome-minimal-bookmarks-tree,CODE_OF_CONDUCT.md
compiler-explorer/compiler-explorer,CODE_OF_CONDUCT.md
donkirkby/live-py-plugin,CODE_OF_CONDUCT.md
defold/defold,CODE_OF_CONDUCT.md
zsh-users/antigen,CODE_OF_CONDUCT.md
supercollider/supercollider,CODE_OF_CONDUCT.md
svanacker/cen-electronic,CODE_OF_CONDUCT.md
pauljeanquart/Test,CODE_OF_CONDUCT.md
keeps/roda,CODE_OF_CONDUCT.md
fish-shell/fish-shell,CODE_OF_CONDUCT.md
GNOME/librsvg,code-of-conduct.md
forcedotcom/SalesforceCanvasFrameworkSDK,CODE_OF_CONDUCT.md
bkuhlmann/prawn_plus,CODE_OF_CONDUCT.adoc
neinteractiveliterature/intercode,CODE_OF_CONDUCT.md
haacked/Rothko,CODE_OF_CONDUCT.md
apache/dubbo,CODE_OF_CONDUCT.md
jotson/SublimePHPIntel,CODE_OF_CONDUCT.md
jiffyclub/snakeviz,CODE_OF_CONDUCT.md
Pash-Project/Pash,CODE_OF_CONDUCT.md
chef-boneyard/knife-opc,CODE_OF_CONDUCT.md
macbre/nodemw,CODE_OF_CONDUCT.md
outr/youi,CODE_OF_CONDUCT.md
wq/wq.db,CODE_OF_CONDUCT.md
eccentricdevotion/TARDIS,CODE_OF_CONDUCT.md
kmaehashi/sandbox,CODE_OF_CONDUCT.md
chef-boneyard/knife-push,CODE_OF_CONDUCT.md
KhronosGroup/WebGL,CODE_OF_CONDUCT.md
eea/geonetwork-eea,CODE_OF_CONDUCT.md
xamarin/apple-api-docs,CODE_OF_CONDUCT.md
archivesspace/archivesspace,CODE_OF_CONDUCT.md
jiffyclub/palettable,CODE_OF_CONDUCT.md
OfflineIMAP/offlineimap,CODE_OF_CONDUCT.md
jaredonline/google-authenticator,CODE_OF_CONDUCT.md
quilljs/quill,CODE_OF_CONDUCT.md
halide/Halide,CODE_OF_CONDUCT.md
django-wiki/django-wiki,CODE_OF_CONDUCT.md
ronisaha/wdCalendar,CODE_OF_CONDUCT.md
wq/itertable,CODE_OF_CONDUCT.md
wq/wq.app,CODE_OF_CONDUCT.md
svalinn/DAGMC,CODE_OF_CONDUCT.md
wq/wq,CODE_OF_CONDUCT.md
restforce/restforce,CODE_OF_CONDUCT.md
yasslab/weekly_report_bot,CODE_OF_CONDUCT.md
rouge-ruby/rouge,CODE_OF_CONDUCT.md
monsti/monsti,CODE_OF_CONDUCT.md
sass/libsass-python,CODE_OF_CONDUCT.md
KhronosGroup/siggraph2012course,CODE_OF_CONDUCT.md
rabbitmq/rabbitmq-mqtt,CODE_OF_CONDUCT.md
yasslab/weekend_fabrication,CODE_OF_CONDUCT.md
unrelentingtech/httpotion,CODE_OF_CONDUCT.md
quaderno/quaderno-api,CODE_OF_CONDUCT.md
jscep/jscep,CODE_OF_CONDUCT.md
KhronosGroup/WebGLPerf,CODE_OF_CONDUCT.md
MASD-Project/dogen,CODE_OF_CONDUCT.md
edenhill/librdkafka,CODE_OF_CONDUCT.md
CleverRaven/Cataclysm-DDA,CODE_OF_CONDUCT.md
mozilla-it/puppetctl,CODE_OF_CONDUCT.md
gjerokrsteski/pimf-framework,CODE_OF_CONDUCT.md
albandes/helpdezk,CODE_OF_CONDUCT.md
yasslab/weekly_report_helper,CODE_OF_CONDUCT.md
aws/aws-sdk-php,CODE_OF_CONDUCT.md
senecajs/seneca-user,CODE_OF_CONDUCT.md
tansengming/stripe-rails,CODE_OF_CONDUCT.md
jump-dev/JuMP.jl,CODE_OF_CONDUCT.md
OSGeo/gdal,CODE_OF_CONDUCT.md
yasslab/weekly_report_sender,CODE_OF_CONDUCT.md
oupala/apaxy,CODE_OF_CONDUCT.md
rethinkdb/rethinkdb,CODE_OF_CONDUCT.md
janlelis/value_struct,CODE_OF_CONDUCT.md
aws/aws-sdk-php-zf2,CODE_OF_CONDUCT.md
crystal-lang/crystal,CODE_OF_CONDUCT.md
lynckia/licode,CODE_OF_CONDUCT.md
mgechev/javascript-algorithms,CODE_OF_CONDUCT.md
scala/make-release-notes,CODE_OF_CONDUCT.md
r-lib/svglite,CODE_OF_CONDUCT.md
OliverLeitner/webstreamer,CODE_OF_CONDUCT.md
dejan/rails_panel,CODE_OF_CONDUCT.md
zolyfarkas/spf4j,CODE_OF_CONDUCT.md
aws-samples/opsworks-example-cookbooks,CODE_OF_CONDUCT.md
aws-samples/java-meme-generator-sample,CODE_OF_CONDUCT.md
LeezQ/leezq.github.com,code-of-conduct.md
Zeke-OS/zeke,CODE_OF_CONDUCT.md
houseabsolute/test-class-moose,CODE_OF_CONDUCT.md
livingstyleguide/livingstyleguide,CODE-OF-CONDUCT.md
RoboticCheese/clamav-chef,CODE_OF_CONDUCT.md
Matroska-Org/libmatroska,CODE_OF_CONDUCT.md
rabbitmq/rabbitmq-test,CODE_OF_CONDUCT.md
Matroska-Org/foundation-source,CODE_OF_CONDUCT.md
jiffyclub/ipythonblocks,CODE_OF_CONDUCT.md
cscorley/whatthepatch,CODE_OF_CONDUCT.md
Matroska-Org/libebml,CODE_OF_CONDUCT.md
jschaves/je5,CODE_OF_CONDUCT.md
aws/aws-sdk-php-silex,CODE_OF_CONDUCT.md
dstpierre/parle,CODE_OF_CONDUCT.md
sipwise/kamailio,CODE_OF_CONDUCT.md
test-kitchen/kitchen-vagrant,CODE_OF_CONDUCT.md
VLCTechHub/VLCTechHub-site,CODE_OF_CONDUCT.md
test-kitchen/kitchen-ec2,CODE_OF_CONDUCT.md
thebachchaoproject/bachchao-qtapp,CODE_OF_CONDUCT.md
KhronosGroup/glTF,CODE_OF_CONDUCT.md
idno/known,CODE_OF_CONDUCT.md
zkat/genfun,CODE_OF_CONDUCT.md
serilog/serilog,CODE_OF_CONDUCT.md
ImageOptim/ImageOptim,CODE_OF_CONDUCT.md
timofurrer/observable,CODE_OF_CONDUCT.md
mjaschen/phpgeo,CODE_OF_CONDUCT.md
minnestar/sessionizer,CODE_OF_CONDUCT.md
aws-samples/opsworks-demo-php-simple-app,CODE_OF_CONDUCT.md
aws/aws-sdk-php-laravel,CODE_OF_CONDUCT.md
vatesfr/xen-orchestra,CODE_OF_CONDUCT.md
rabbitmq/rabbitmq-web-dispatch,CODE_OF_CONDUCT.md
apostrophecms/apostrophe,CODE_OF_CONDUCT.md
aws-samples/opsworks-demo-php-photo-share-app,CODE_OF_CONDUCT.md
forcedotcom/SalesforceCanvasJavascriptSDK,CODE_OF_CONDUCT.md
adamcaudill/yawast,CODE_OF_CONDUCT.md
openzfsonosx/zfs,CODE_OF_CONDUCT.md
chef-boneyard/push-jobs-cookbook,CODE_OF_CONDUCT.md
mjacobus/.dotfiles,CODE_OF_CONDUCT.md
googleapis/google-api-nodejs-client,CODE_OF_CONDUCT.md
scala/scala-async,CODE_OF_CONDUCT.md
HypothesisWorks/hypothesis,CODE_OF_CONDUCT.rst
ibissource/iaf,CODE_OF_CONDUCT.md
skylot/jadx,CODE_OF_CONDUCT.md
cleanflight/cleanflight,CODE_OF_CONDUCT.md
modoboa/modoboa,CODE_OF_CONDUCT.md
homenc/HElib,CODE_OF_CONDUCT.md
mwolff44/pyfreebilling,CODE_OF_CONDUCT.md
estum/growlyflash,CODE_OF_CONDUCT.md
PartTimeLegend/Publish-PGP-Keys,code_of_conduct.md
AcademySoftwareFoundation/openvdb,CODE_OF_CONDUCT.md
xenon-middleware/xenon,CODE_OF_CONDUCT.md
chef-boneyard/omnibus,CODE_OF_CONDUCT.md
CIDARLAB/raven,CODE_OF_CONDUCT.md
rabbitmq/rabbitmq-management-themes,CODE_OF_CONDUCT.md
craftercms/search,CODE_OF_CONDUCT.md
serverstf/python-valve,CODE_OF_CONDUCT.md
mattbeedle/capsule_crm,CODE_OF_CONDUCT.md
Jellyfishboy/trado,CODE_OF_CONDUCT.md
CIDARLAB/eugene-lab,CODE_OF_CONDUCT.md
WriteSpeakCode/writespeakcode.github.io,code-of-conduct.html
leroy-merlin-br/mongolid-laravel,CODE_OF_CONDUCT.md
craftercms/commons,CODE_OF_CONDUCT.md
gallandarakhneorg/afc,CODE_OF_CONDUCT.md
leroy-merlin-br/mongolid,CODE_OF_CONDUCT.md
mozmeao/snippets-service,CODE_OF_CONDUCT.md
balderdashy/waterline,CODE-OF-CONDUCT.md
appsignal/appsignal-ruby,CODE_OF_CONDUCT.md
jonathancast/globalscript,CODE_OF_CONDUCT.md
jdantonio/functional-ruby,CODE_OF_CONDUCT.md
phalcon/vokuro,CODE_OF_CONDUCT.md
abetusk/gbr2ngc,CODE_OF_CONDUCT.md
craftercms/profile,CODE_OF_CONDUCT.md
rabbitmq/rabbitmq-jms-topic-exchange,CODE_OF_CONDUCT.md
ianyh/Amethyst,CODE_OF_CONDUCT.md
test-kitchen/kitchen-digitalocean,CODE_OF_CONDUCT.md
mithunsatheesh/node-rules,CODE_OF_CONDUCT.md
rabbitmq/rabbitmq-jms-cts,CODE_OF_CONDUCT.md
wingify/wingify.github.io,CODE_OF_CONDUCT.md
ayushgoel/AGEmojiKeyboard,CODE_OF_CONDUCT.md
craftercms/social,CODE_OF_CONDUCT.md
openmm/openmm,CODE_OF_CONDUCT.md
SALib/SALib,CODE_OF_CONDUCT.md
mothership-ec/cog-mothership-cp,CODE_OF_CONDUCT.md
gnuradio/pybombs,CODE_OF_CONDUCT.md
sass/perl-libsass,CODE_OF_CONDUCT.md
johnbillion/user-switching,CODE_OF_CONDUCT.md
algernon/riemann-c-client,CODE_OF_CONDUCT.md
houseabsolute/Specio,CODE_OF_CONDUCT.md
aquariumbio/aquarium,CODE_OF_CONDUCT.md
netdata/netdata,CODE_OF_CONDUCT.md
rom-rb/rom,CODE_OF_CONDUCT.md
unrelentingtech/rxjava-http-tail,CODE_OF_CONDUCT.md
vijinho/f3-boilerplate,CODE_OF_CONDUCT.md
houseabsolute/File-LibMagic,CODE_OF_CONDUCT.md
nlohmann/json,CODE_OF_CONDUCT.md
snd/hinoki,CODE_OF_CONDUCT.md
sverweij/mscgen_js,CODE_OF_CONDUCT.md
betamaxpy/betamax,CODE_OF_CONDUCT.rst
aws-samples/aws-mobile-sample-wif,CODE_OF_CONDUCT.md
Teemu/pytest-sugar,CODE_OF_CONDUCT.md
scala/scala-xml,CODE_OF_CONDUCT.md
EvanHahn/HumanizeDuration.js,CODE_OF_CONDUCT.md
craftercms/engine,CODE_OF_CONDUCT.md
mothership-ec/cog-mothership-commerce,CODE_OF_CONDUCT.md
mozilla-l10n/langchecker,CODE_OF_CONDUCT.md
dalelotts/angular-bootstrap-datetimepicker,CODE_OF_CONDUCT.md
sass/sass-spec,CODE_OF_CONDUCT.md
b0n541/jskat-multimodule,CODE_OF_CONDUCT.md
martinus/robin-hood-hashing,CODE_OF_CONDUCT.md
OpenBuildings/postmark,CODE_OF_CONDUCT.md
craftercms/core,CODE_OF_CONDUCT.md
ridercz/Fakturoid-API,CODE_OF_CONDUCT.md
bavc/qctools,CODE_OF_CONDUCT.md
mothership-ec/cog-mothership-fedex,CODE_OF_CONDUCT.md
mothership-ec/cog-mothership-ecommerce,CODE_OF_CONDUCT.md
xamarin/android-api-docs,CODE_OF_CONDUCT.md
rubenarslan/formr.org,CODE_OF_CONDUCT.md
cfengine/masterfiles,CODE_OF_CONDUCT.org
drumrollhq/E.A.K.,CODE_OF_CONDUCT.md
GNOME/gnome-tetravex,code-of-conduct.md
hadley/adv-r,CODE_OF_CONDUCT.md
mozilla-l10n/fxosl10ndashboard,CODE_OF_CONDUCT.md
abhinavsingh/proxy.py,CODE_OF_CONDUCT.md
googleapis/google-api-php-client,CODE_OF_CONDUCT.md
GNOME/iagno,code-of-conduct.md
KhronosGroup/KTX-Software,CODE_OF_CONDUCT.md
mothership-ec/cog-mothership-returns,CODE_OF_CONDUCT.md
rakuten-ws/rws-ruby-sdk,CODE_OF_CONDUCT.md
aws/aws-sessionstore-dynamodb-ruby,CODE_OF_CONDUCT.md
bkuhlmann/archiver,CODE_OF_CONDUCT.adoc
ionic-team/ionic-framework,CODE_OF_CONDUCT.md
codeship/codeship-ruby,CODE_OF_CONDUCT.md
dnnsoftware/Dnn.Platform,CODE_OF_CONDUCT.md
csparpa/pyowm,CODE_OF_CONDUCT.md
activescott/lessmsi,CODE_OF_CONDUCT.md
GNOME/four-in-a-row,code-of-conduct.md
GNOME/gnome-klotski,code-of-conduct.md
googlemaps/google-maps-ios-utils,CODE_OF_CONDUCT.md
aws-samples/aws-ruby-sample,CODE_OF_CONDUCT.md
zorgiepoo/Bit-Slicer,CODE_OF_CONDUCT.md
chef-boneyard/stove,CODE_OF_CONDUCT.md
aws-samples/aws-php-sample,CODE_OF_CONDUCT.md
creativecommons/cc.engine,CODE_OF_CONDUCT.md
node-red/node-red,CODE_OF_CONDUCT.md
aws-samples/aws-java-sample,CODE_OF_CONDUCT.md
lukasoppermann/html5sortable,CODE_OF_CONDUCT.md
rethinkdb/docs,CODE_OF_CONDUCT.md
bigcommerce/omniauth-bigcommerce,CODE_OF_CONDUCT.md
rethinkdb/rethinkdb-go,CODE_OF_CONDUCT.md
creativecommons/cc.licenserdf,CODE_OF_CONDUCT.md
mozilla-it/mozsql,CODE_OF_CONDUCT.md
yasslab/scratch_tutorials,CODE_OF_CONDUCT.md
scala/community-build,CODE_OF_CONDUCT.md
aws-samples/aws-nodejs-sample,CODE_OF_CONDUCT.md
GardenCityRuby/GCRC2014,code-of-conduct.md
scala/sbt-scala-module,CODE_OF_CONDUCT.md
aws-samples/aws-python-sample,CODE_OF_CONDUCT.md
Attnam/ivan,CODE_OF_CONDUCT.md
Turfjs/turf,CODE_OF_CONDUCT.md
rabbitmq/rabbitmq-management-exchange,CODE_OF_CONDUCT.md
CSNW/sql-bricks,CODE_OF_CONDUCT.md
creativecommons/cc.i18n,CODE_OF_CONDUCT.md
aws-samples/reinvent2013-js-blog-demo,CODE_OF_CONDUCT.md
PufferPanel/PufferPanel,CODE_OF_CONDUCT.md
pexip/os-rabbitmq-server,CODE_OF_CONDUCT.md
bradvin/social-share-urls,CODE_OF_CONDUCT.md
aws-samples/aws-auto-scaling-console-sample,CODE_OF_CONDUCT.md
test-kitchen/kitchen-google,CODE_OF_CONDUCT.md
fnando/burgundy,CODE_OF_CONDUCT.md
adaltas/node-csv-parse,CODE_OF_CONDUCT.md
ComPWA/ComPWA,CODE_OF_CONDUCT.md
adaltas/node-stream-transform,CODE_OF_CONDUCT.md
creativecommons/cc.license,CODE_OF_CONDUCT.md
davidmc24/gradle-avro-plugin,CODE_OF_CONDUCT.md
docker-library/official-images,CODE-OF-CONDUCT.md
creativecommons/search,CODE_OF_CONDUCT.md
creativecommons/licensebuttons,CODE_OF_CONDUCT.md
adaltas/node-csv-stringify,CODE_OF_CONDUCT.md
detailyang/awesome-cheatsheet,CODE_OF_CONDUCT.md
adaltas/node-csv-generate,CODE_OF_CONDUCT.md
poshsecurity/Posh-SYSLOG,code-of-conduct.md
Aperta-project/Aperta,CODE_OF_CONDUCT.md
quarterpast/Elessar,CODE_OF_CONDUCT.md
aws-samples/opsworks-demo-rails-photo-share-app,CODE_OF_CONDUCT.md
creativecommons/creativecommons.org,CODE_OF_CONDUCT.md
tomopy/tomopy,CODE_OF_CONDUCT.md
aws-samples/reinvent2013-mobile-photo-share,CODE_OF_CONDUCT.md
vim-scripts/cmake.vim--Alcin,CODE_OF_CONDUCT.md
kenichi/angelo,code_of_conduct.md
ember-cli/ember-cli,CODE_OF_CONDUCT.md
ember-cli/ember-resolver,CODE_OF_CONDUCT.md
99x/seranet.api,CODE_OF_CONDUCT.md
rabbitmq/rabbitmq-rtopic-exchange,CODE_OF_CONDUCT.md
googleapis/oauth2client,CODE_OF_CONDUCT.md
chef-boneyard/chef-provisioning,CODE_OF_CONDUCT.md
bittisiirto/henkilotunnus,CODE_OF_CONDUCT.md
plotly/plotly-graphing-library-for-matlab,CODE_OF_CONDUCT.md
OSGeo/homebrew-osgeo4mac,CODE_OF_CONDUCT.md
AgileVentures/LocalSupport,CODE_OF_CONDUCT.md
NMGRL/pychron,CODE_OF_CONDUCT.md
bosun-monitor/bosun,CODE_OF_CONDUCT.md
ionic-team/ionic-cli,CODE_OF_CONDUCT.md
plotly/plotly.py,CODE_OF_CONDUCT.md
TedGoas/Cerberus,CODE_OF_CONDUCT.md
thefederationinfo/the-federation.info,CODE_OF_CONDUCT.md
chef-boneyard/chef-api,CODE_OF_CONDUCT.md
OperationCode/operationcode_old_site,CODE-OF-CONDUCT.md
haacked/feedback,CODE_OF_CONDUCT.md
scala/scala-swing,CODE_OF_CONDUCT.md
creativecommons/cc.api,CODE_OF_CONDUCT.md
scala/scala-continuations,CODE_OF_CONDUCT.md
t1/logging-interceptor,CODE_OF_CONDUCT.md
Abhishek627/Python,CODE_OF_CONDUCT.md
rabbitmq/rabbitmq-top,CODE_OF_CONDUCT.md
AgileVentures/AgileVentures,CODE_OF_CONDUCT.md
zestedesavoir/zds-site,CODE_OF_CONDUCT.md
itext/itextpdf,CODE_OF_CONDUCT.md
haacked/haacked.com,CODE_OF_CONDUCT.md
AvaloniaUI/Avalonia,CODE_OF_CONDUCT.md
creativecommons/open4us.org,CODE_OF_CONDUCT.md
wikisource/ia-upload,CODE_OF_CONDUCT.md
macbre/analyze-css,CODE_OF_CONDUCT.md
mozillascience/code-research-object,CODE_OF_CONDUCT.md
KhronosGroup/SPIR,CODE_OF_CONDUCT.md
NikolaiT/GoogleScraper,CODE_OF_CONDUCT.md
cleanflight/cleanflight-configurator,CODE_OF_CONDUCT.md
chef-boneyard/yum-repoforge,CODE_OF_CONDUCT.md
bragful/ephp,CODE_OF_CONDUCT.md
chef-boneyard/yum-pgdg,CODE_OF_CONDUCT.md
chef-boneyard/chef-rfc,CODE_OF_CONDUCT.md
robocomp/robocomp,CODE_OF_CONDUCT.md
paulrosen/abcjs,CODE_OF_CONDUCT.md
Automattic/jetpack,CODE-OF-CONDUCT.md
mojontwins/MK1_NES,CODE_OF_CONDUCT.md
open62541/open62541,CODE_OF_CONDUCT.md
sparanoid/almace-scaffolding,CODE_OF_CONDUCT.md
akkadotnet/akka.net,CODE_OF_CONDUCT.md
kaltura/platform-install-packages,CODE_OF_CONDUCT.md
livioivil/TextWiller,CODE_OF_CONDUCT.md
sailorproject/sailor,CODE_OF_CONDUCT.md
ArtCraftCode/ravelry,CODE_OF_CONDUCT.md
beldur/kraken-go-api-client,CODE_OF_CONDUCT.md
AgileVentures/WebsiteOne,CODE_OF_CONDUCT.md
bkuhlmann/auther,CODE_OF_CONDUCT.adoc
pexip/os-twisted,code_of_conduct.md
django-wiki/django-nyt,CODE_OF_CONDUCT.rst
WomenWhoCode/guidelines-resources,code_of_conduct.md
WomenWhoCode/guidelines-resources,short_code_of_conduct.md
pexip/os-pyopenssl,CODE_OF_CONDUCT.rst
wq/django-rest-pandas,CODE_OF_CONDUCT.md
cascadiajs/2014.cascadiajs.com,code-of-conduct.md
googleapis/google-api-python-client,CODE_OF_CONDUCT.md
CoralineAda/opensourceforwomen.org,CODE_OF_CONDUCT.md
bkuhlmann/sublime_text_kit,CODE_OF_CONDUCT.adoc
node-opcua/node-opcua,CODE_OF_CONDUCT.md
ytisf/theZoo,CODE-OF-CONDUCT.md
rom-rb/rom-rails,CODE_OF_CONDUCT.md
forcedotcom/ConnectApiHelper,CODE_OF_CONDUCT.md
PhilWaldmann/openrecord,CODE_OF_CONDUCT.md
WhiteCoreSim/WhiteCore-Dev,CODE_OF_CONDUCT.md
angstwad/docker.ubuntu,CODE_OF_CONDUCT.md
KhronosGroup/SPIR-Tools,CODE_OF_CONDUCT.md
janlelis/debugging,CODE_OF_CONDUCT.md
wagtail/wagtail,CODE_OF_CONDUCT.md
mozilla-l10n/webdashboard,CODE_OF_CONDUCT.md
formly-js/angular-formly,CODE_OF_CONDUCT.md
angular/code-of-conduct,CODE_OF_CONDUCT.md
fnando/date_interval,CODE_OF_CONDUCT.md
googleapis/google-cloud-python,CODE_OF_CONDUCT.md
rabbitmq/rabbitmq-event-exchange,CODE_OF_CONDUCT.md
phansible/phansible,CODE_OF_CONDUCT.md
CIDARLAB/miniEugene-core,CODE_OF_CONDUCT.md
sarl/sarl,CODE_OF_CONDUCT.md
Caramel-Truffle/My_Little_Pony_Super_Ethical_Shipping_Climax,CODE_OF_CONDUCT.md
opencartbrasil/traducao,CODE_OF_CONDUCT.md
apache/couchdb-meck,CODE_OF_CONDUCT.md
TestAnything/testanything.github.io,CODE_OF_CONDUCT.md
CIDARLAB/EugeneLab,CODE_OF_CONDUCT.md
YorickPeterse/oga,CODE_OF_CONDUCT.md
ripple/xrpl-dev-portal,CODE_OF_CONDUCT.md
jazibobs/jazibobs.github.io,CODE_OF_CONDUCT.md
ripple/xrpl-dev-portal,CODE_OF_CONDUCT.ja.md
dethe/shimmy,CODE_OF_CONDUCT.md
OpenKJ/OpenKJ,CODE_OF_CONDUCT.md
creativecommons/openpolicynetwork.org,CODE_OF_CONDUCT.md
btford/brian.singles,CODE_OF_CONDUCT.md
tbielawa/bitmath,CODE_OF_CONDUCT.md
walshie4/Ultimate-Blocklist,CODE_OF_CONDUCT.md
snd/react-kup,CODE_OF_CONDUCT.md
mozilla-it/duo_openvpn,CODE_OF_CONDUCT.md
catchorg/Clara,CODE_OF_CONDUCT.md
devicons/devicon,CODE_OF_CONDUCT.md
thomasjo/atom-latex,CODE_OF_CONDUCT.md
gsantner/kimai-android,CODE_OF_CONDUCT.md
CIDARLAB/raven-public,CODE_OF_CONDUCT.md
chef-boneyard/chef-dk,CODE_OF_CONDUCT.md
scala/scala-java8-compat,CODE_OF_CONDUCT.md
aws-samples/opsworks-elasticsearch-cookbook,CODE_OF_CONDUCT.md
aws-samples/opsworks-attribute-customization,CODE_OF_CONDUCT.md
GluuFederation/oxAuth,CODE_OF_CONDUCT.md
pari685/AStream,CODE_OF_CONDUCT.md
chef-boneyard/microsoft_azure,CODE_OF_CONDUCT.md
2factorauth/twofactorauth,CODE_OF_CONDUCT.md
iadvize/api-rest-client,CODE_OF_CONDUCT.md
mongodb-js/mongodb-core,CODE_OF_CONDUCT.md
mozilla-l10n/webstatus,CODE_OF_CONDUCT.md
samboy/rg32hash,CODE_OF_CONDUCT.md
ember-cli/loader.js,CODE_OF_CONDUCT.md
jwplayer/jwplayer,CODE_OF_CONDUCT.md
sbagdat/turkish_support,CODE_OF_CONDUCT.md
kalaspuffar/base64url,CODE_OF_CONDUCT.md
absolunet/nwayo,code_of_conduct.md
georust/gdal,CODE_OF_CONDUCT.md
chef-boneyard/chef-provisioning-fog,CODE_OF_CONDUCT.md
OceanographyforEveryone/OpenCTD,CODE_OF_CONDUCT.md
sass/node-sass-middleware,CODE_OF_CONDUCT.md
josephhardinee/PyDSD,CODE_OF_CONDUCT.md
rabbitmq/rabbitmq-sharding,CODE_OF_CONDUCT.md
googleapis/java-bigtable-hbase,CODE_OF_CONDUCT.md
jaakko-sf/twauth-web,CODE_OF_CONDUCT.md
droglenc/FSA,CODE_OF_CONDUCT.md
trackmastersteve/alienfx,CODE_OF_CONDUCT.md
scala/scala-collection-laws,CODE_OF_CONDUCT.md
CoralineAda/alice,CODE_OF_CONDUCT.md
dedupeio/dedupe-examples,CODE_OF_CONDUCT.md
chiayolin/chiayolin.github.io,CODE_OF_CONDUCT
lopter/lightsd,CODE_OF_CONDUCT.md
ember-cli/ember-load-initializers,CODE_OF_CONDUCT.md
compiler-explorer/infra,CODE_OF_CONDUCT.md
mapillary/mapillary_tools,CODE_OF_CONDUCT.md
cortex-cms/cortex,CODE_OF_CONDUCT.md
ember-cli/ember-cli-shims,CODE_OF_CONDUCT.md
yasslab/konjak,CODE_OF_CONDUCT.md
neocities/neocities,code-of-conduct.txt
yasslab/hipchat2idobata,CODE_OF_CONDUCT.md
ujh/iomrascalai,code_of_conduct.md
arcadia-unity/Arcadia,CODE-OF-CONDUCT.md
julianshapiro/velocity,CODE_OF_CONDUCT.md
rust-lang/rust-by-example,CODE_OF_CONDUCT.md
bkuhlmann/flacsmith,CODE_OF_CONDUCT.adoc
ember-cli/broccoli-caching-writer,CODE_OF_CONDUCT.md
ifmeorg/ifme,code_of_conduct.md
railsbridge/railsbridge-curriculum-style,CODE_OF_CONDUCT.md
ridercz/Altairis.ValidationToolkit,CODE_OF_CONDUCT.md
flipkart-incubator/proteus,CODE_OF_CONDUCT.md
formatjs/formatjs,CODE_OF_CONDUCT.md
rmariuzzo/Laravel-JS-Localization,CODE_OF_CONDUCT.md
rust-lang/highfive,CODE_OF_CONDUCT.md
CIDARLAB/eugene-v1.9.1,CODE_OF_CONDUCT.md
Jbudone/myquest,CODE_OF_CONDUCT.md
ghooks-org/ghooks,CODE_OF_CONDUCT.md
StackStorm/st2,CODE_OF_CONDUCT.md
questdb/questdb,CODE_OF_CONDUCT.md
Meulengracht/MollenOS,CODE_OF_CONDUCT.md
samtools/htsjdk,CODE_OF_CONDUCT.md
googleapis/google-cloud-node,CODE_OF_CONDUCT.md
ebassi/graphene,CODE_OF_CONDUCT.md
plotly/Plotly.jl,CODE_OF_CONDUCT.md
getminera/minera,CODE_OF_CONDUCT.md
pixl8/Preside-CMS,CODE_OF_CONDUCT.md
ycm-core/ycmd,CODE_OF_CONDUCT.md
kbsriram/indiewebcamp-wiki-archive,code of conduct.txt
kbsriram/indiewebcamp-wiki-archive,code-of-conduct-feedback.txt
kbsriram/indiewebcamp-wiki-archive,code-of-conduct-examples.txt
kbsriram/indiewebcamp-wiki-archive,code-of-conduct-why.txt
kbsriram/indiewebcamp-wiki-archive,code-of-conduct.txt
googleapis/google-cloud-go,CODE_OF_CONDUCT.md
aws/aws-parallelcluster,CODE_OF_CONDUCT.md
python-effect/effect,CODE_OF_CONDUCT.md
yasslab/hatebu2idobata,CODE_OF_CONDUCT.md
neovim/neovim-ruby,CODE_OF_CONDUCT.md
CathedralCode/Builder,CODE_OF_CONDUCT.md
apache/incubator-pinot,CODE_OF_CONDUCT.md
sashite/gan.rb,CODE_OF_CONDUCT.md
sgillies/affine,CODE_OF_CONDUCT.txt
ecelis/sck,CODE_OF_CONDUCT.md
nexus-js/ui,CODE_OF_CONDUCT.md
cake-build/cake,CODE_OF_CONDUCT.md
NativeScript/docs,CODE_OF_CONDUCT.md
googleapis/google-cloud-ruby,CODE_OF_CONDUCT.md
sashite/pan.rb,CODE_OF_CONDUCT.md
ankurp/Dollar,CODE_OF_CONDUCT.md
BrentOzarULTD/SQL-Server-First-Responder-Kit,CODE_OF_CONDUCT.md
vitorfs/bootcamp,CODE_OF_CONDUCT.rst
ember-cli/ember-cli-test-loader,CODE_OF_CONDUCT.md
ionic-team/ng-cordova,CODE_OF_CONDUCT.md
ember-cli/core-object,CODE_OF_CONDUCT.md
stefanbc/uptimey,CODE_OF_CONDUCT.md
fuzzylite/fuzzylite,CODE_OF_CONDUCT.md
kubernetes/kubernetes,code-of-conduct.md
OrienteerBAP/Orienteer,CODE_OF_CONDUCT.md
abapGit/abapGit,CODE_OF_CONDUCT.md
robb/Cartography,CODE_OF_CONDUCT.md
RoboticCheese/chef-dk-chef,CODE_OF_CONDUCT.md
haacked/Encourage,CODE_OF_CONDUCT.md
SwiftStudies/OysterKit,CODE_OF_CONDUCT.md
audiologiks/webclient,CODE_OF_CONDUCT.md
Hacker0x01/react-datepicker,CODE_OF_CONDUCT.md
allure-examples/allure-gradle-testng-example,CODE_OF_CONDUCT.md
bibletime/bibletime,CODE_OF_CONDUCT.md
brianp/muxed,CODE_OF_CONDUCT.md
dalen/puppetexplorer,CODE_OF_CONDUCT.md
SeisSol/SeisSol,CODE_OF_CONDUCT.md
chef-boneyard/chef-community-slack-meetings,CODE_OF_CONDUCT.md
NativeScript/nativescript-cli,CODE_OF_CONDUCT.md
ApostropheEditor/Apostrophe,CODE_OF_CONDUCT.md
gaearon/react-hot-loader,CODE_OF_CONDUCT.md
SVG-Edit/svgedit,CODE_OF_CONDUCT.md
avelino/awesome-go,CODE_OF_CONDUCT.md
mozilla-it/nfldap_reload,CODE_OF_CONDUCT.md
aws-samples/opsworks-cloudwatch-logs-cookbooks,CODE_OF_CONDUCT.md
cprice-usgs/USGS_Sample,CODE_OF_CONDUCT.md
bayandin/awesome-awesomeness,code-of-conduct.md
ember-cli/ember-cli-qunit,CODE_OF_CONDUCT.md
mozilla-it/dw_contributor,CODE_OF_CONDUCT.md
4commerce-technologies-AG/midi-smtp-server,CODE_OF_CONDUCT.md
alexdebril/feed-io,CODE_OF_CONDUCT.md
efcl/efcl.github.io,CODE_OF_CONDUCT.md
zoonproject/zoon,code_of_conduct.md
chef-boneyard/awscreds,CODE_OF_CONDUCT.md
zerc/django-light-draft,CODE_OF_CONDUCT.md
samvera-labs/ldpath,CODE_OF_CONDUCT.md
isc-projects/kea,code_of_conduct.md
alfio-event/alf.io,CODE_OF_CONDUCT.md
broadly/dokku-ports,code_of_conduct.md
yasslab/yasslab.jp,CODE_OF_CONDUCT.md
ngs-docs/angus,code-of-conduct.md
pexip/os-nodejs,CODE_OF_CONDUCT.md
nodeschool/oakland,code-of-conduct.md
georust/geohash,CODE_OF_CONDUCT.md
Triple-T/gradle-play-publisher,CODE_OF_CONDUCT.md
getgrav/grav,CODE_OF_CONDUCT.md
dhensby/silverstripe-masquerade,code-of-conduct.md
intelsdi-x/snap,CODE_OF_CONDUCT.md
callbackwomen/callbackwomen.github.io,code-of-conduct.md
srdja/Collections-C,CODE_OF_CONDUCT.md
joecorcoran/fabrik,CODE_OF_CONDUCT.md
maccallumlab/meld,CODE_OF_CONDUCT.md
aws-samples/todo-sample-app-cookbooks,CODE_OF_CONDUCT.md
oxyplot/oxyplot,CODE_OF_CONDUCT.md
googlemaps/google-maps-services-python,CODE_OF_CONDUCT.md
ahdinosaur/contributing,code-of-conduct.md
JanThorbecke/OpenSource,CODE_OF_CONDUCT.md
komputerwiz/csp-solver,CODE_OF_CONDUCT.md
WeAreAthlon/Silla.IO,CODE_OF_CONDUCT.md
bkuhlmann/bashsmith,CODE_OF_CONDUCT.adoc
cristianbica/my-rails,CODE_OF_CONDUCT.md
nodeschool/organizers,code_of_conduct.md
forcedotcom/SalesforceMobileSDK-CordovaPlugin,CODE_OF_CONDUCT.md
nolimits4web/template7,CODE_OF_CONDUCT.md
s-andrews/BamQC,CODE_OF_CONDUCT.md
codeship/documentation,CODE_OF_CONDUCT.md
nodeschool/amsterdam,code-of-conduct.md
pytest-dev/pytest-flask,CODE_OF_CONDUCT.md
SockDrawer/SockBot,CODE_OF_CONDUCT.md
hiulit/Sassy-Gridlover,CODE_OF_CONDUCT.md
rust-lang/blog.rust-lang.org,CODE_OF_CONDUCT.md
lynnaloo/mullet,CODE_OF_CONDUCT.md
website-scraper/node-website-scraper,CODE_OF_CONDUCT.md
mozilla-it/metrics-etl,CODE_OF_CONDUCT.md
nodeschool/vancouver,code-of-conduct.md
apache/dubbo-js,CODE_OF_CONDUCT.md
wechatpy/wechatpy,CODE_OF_CONDUCT.md
ayushgoel/ayushgoel.github.io,CODE_OF_CONDUCT.md
leroy-merlin-br/laravel-axado-api,CODE_OF_CONDUCT.md
lfv89/vim-interestingwords,CODE_OF_CONDUCT.md
mozilla-l10n/mozilla-l10n-query,CODE_OF_CONDUCT.md
georust/geojson,CODE_OF_CONDUCT.md
nodeschool/sydney,code-of-conduct.md
yasslab/railsguides.jp,CODE_OF_CONDUCT.md
TerraME/terrame,CODE_OF_CONDUCT.md
ztoben/assets-webpack-plugin,code_of_conduct.md
angular/angular,CODE_OF_CONDUCT.md
chef-boneyard/chef-provisioning-aws,CODE_OF_CONDUCT.md
uPortal-Project/uportal-home,CODE_OF_CONDUCT.md
wifiphisher/wifiphisher,CODE_OF_CONDUCT.md
bkimminich/juice-shop,CODE_OF_CONDUCT.md
semantic-release/semantic-release,CODE_OF_CONDUCT.md
nodeschool/honolulu,code_of_conduct.md
damienmckenna/metatag,CODE_OF_CONDUCT.txt
ember-cli/ember-cli-htmlbars,CODE_OF_CONDUCT.md
longeve/longeve.github.io,CODE_OF_CONDUCT.md
blockstack/stacks-blockchain,CODE_OF_CONDUCT.md
Unleash/unleash,CODE_OF_CONDUCT.md
nodeschool/wellington,CODE-OF-CONDUCT.md
CIDARLAB/eugene-v2.0,CODE_OF_CONDUCT.md
forcedotcom/WSDL2Apex,CODE_OF_CONDUCT
nodeschool/washingtondc,CodeOfConduct.md
devosoft/Empirical,CODE_OF_CONDUCT.md
DerbyBoutTime/bouttime,CODE_OF_CONDUCT.md
modiholodri/Movie-File-Merger,CODE_OF_CONDUCT.md
merliseclyde/BAS,CODE_OF_CONDUCT.md
nebrius/raspi-io,CODE_OF_CONDUCT.md
broadly/node-healthchecks,code_of_conduct.md
ember-cli/ember-export-application-global,CODE_OF_CONDUCT.md
nodeday/nodeday.github.io,code-of-conduct.html
Hammerspoon/hammerspoon,CODE_OF_CONDUCT.md
unrelentingtech/sweetroll,CODE_OF_CONDUCT.md
creativecommons/CCID-cas,CODE_OF_CONDUCT.md
yasslab/SimpleTimeKeeper,CODE_OF_CONDUCT.md
ember-cli/ember-router-generator,CODE_OF_CONDUCT.md
CIDARLAB/miniEugene-web,CODE_OF_CONDUCT.md
suda/tool-bar,CODE_OF_CONDUCT.md
googleapis/nodejs-datastore-kvstore,CODE_OF_CONDUCT.md
googleapis/google-auth-library-ruby,CODE_OF_CONDUCT.md
ember-cli/ember-page-title,CODE_OF_CONDUCT.md
wq/django-data-wizard,CODE_OF_CONDUCT.md
igoravl/TfsCmdlets,CODE_OF_CONDUCT.md
aws-samples/aws-mobile-self-paced-labs-samples,CODE_OF_CONDUCT.md
CoralineAda/society,CODE_OF_CONDUCT.md
googleapis/google-auth-library-php,CODE_OF_CONDUCT.md
forcedotcom/Analytics-Cloud-Dataset-Utils,CODE_OF_CONDUCT.md
rethinkdb/www,CODE_OF_CONDUCT.md
aws/aws-codedeploy-agent,CODE_OF_CONDUCT.md
dj-wasabi/ansible-zabbix-server,CODE_OF_CONDUCT.md
petk/awesome-dojo,CODE_OF_CONDUCT.md
aws-samples/aws-sdk-js-sample-video-transcoder,CODE_OF_CONDUCT.md
SalmanAA/wordifyfa,CODE_OF_CONDUCT.md
googleapis/google-api-java-client,CODE_OF_CONDUCT.md
unrelentingtech/http-link-header,CODE_OF_CONDUCT.md
alex-spataru/QSimpleUpdater,CODE_OF_CONDUCT.md
craftercms/studio,CODE_OF_CONDUCT.md
mozilla-l10n/stores_l10n,CODE_OF_CONDUCT.md
GNOME/gnome-taquin,code-of-conduct.md
MozillaCZ/firefox-cz,CODE_OF_CONDUCT.md
MozillaCZ/firefox-mozilla-cz,CODE_OF_CONDUCT.md
aidenlab/Juicebox,CODE_OF_CONDUCT.md
googleapis/google-cloud-java,CODE_OF_CONDUCT.md
googleapis/google-oauth-java-client,CODE_OF_CONDUCT.md
MozillaCZ/start-mozilla-cz,CODE_OF_CONDUCT.md
dj-wasabi/ansible-zabbix-agent,CODE_OF_CONDUCT.md
dj-wasabi/ansible-zabbix-proxy,CODE_OF_CONDUCT.md
ccnmtl/footprints,CODE_OF_CONDUCT.md
MozillaCZ/thunderbird-mozilla-cz,CODE_OF_CONDUCT.md
petk/awesome-jquery,CODE_OF_CONDUCT.md
rust-lang/this-week-in-rust,CODE_OF_CONDUCT.md
xwiki-labs/cryptpad,CODE_OF_CONDUCT.md
unrelentingtech/secstr,CODE_OF_CONDUCT.md
gpbl/SwiftChart,CODE_OF_CONDUCT.md
bestie/terrestrial,CODE_OF_CONDUCT.md
googleapis/google-p12-pem,CODE_OF_CONDUCT.md
googleapis/node-gtoken,CODE_OF_CONDUCT.md
rancher/rancher,code-of-conduct.md
creativecommons/magical-pony,CODE_OF_CONDUCT.md
rom-rb/rom-sql,CODE_OF_CONDUCT.md
dj-wasabi/ansible-ossec-agent,CODE_OF_CONDUCT.md
nodeschool/lahore,code-of-conduct.md
louthy/language-ext,CODE_OF_CONDUCT.md
samboy/MaraDNS,CODE_OF_CONDUCT.md
nodeschool/tokyo,code_of_conduct.md
nodeschool/tokyo,code_of_conduct_ja.md
rkt/rkt,CODE-OF-CONDUCT.md
oxosolutions/aione,CODE_OF_CONDUCT.md
aegoroff/hc,CODE_OF_CONDUCT.md
rust-rocksdb/rust-rocksdb,code-of-conduct.md
flipkart-incubator/zjsonpatch,CODE_OF_CONDUCT.md
pexip/os-python-keen,CODE_OF_CONDUCT.md
OrchardCMS/OrchardCore,CODE-OF-CONDUCT.md
mapillary/OpenSfM,CODE_OF_CONDUCT.md
dhavide/2015-01-08-uoit,CODE_OF_CONDUCT.md
gem5/gem5,CODE-OF-CONDUCT.md
PowerNex/PowerNex,CODE_OF_CONDUCT.md
SuperElastix/SimpleElastix,CODE_OF_CONDUCT.md
mozillascience/PaperBadger,CODE_OF_CONDUCT.md
markmcdowell/NLog.Targets.ElasticSearch,CODE_OF_CONDUCT.md
bkuhlmann/sublime_text_setup,CODE_OF_CONDUCT.adoc
prasannavl/LiquidState,CODE_OF_CONDUCT.md
rust-lang/rust-clippy,CODE_OF_CONDUCT.md
guanzhi/GmSSL,CODE_OF_CONDUCT.md
Phant0mas/Guix-on-Hurd,CODE-OF-CONDUCT
lbiester/lbiester.github.io,CODE_OF_CONDUCT.md
yasslab/getting_started,CODE_OF_CONDUCT.md
aws/amazon-ecs-agent,CODE_OF_CONDUCT.md
arvindr21/cli-adventure-games,CODE_OF_CONDUCT.md
goadesign/goa,CODE_OF_CONDUCT.md
aws/aws-sdk-go,CODE_OF_CONDUCT.md
eqcss/eqcss,code_of_conduct.md
dj-wasabi/ansible-ossec-server,CODE_OF_CONDUCT.md
mozmeao/ee-infra-jenkins,CODE_OF_CONDUCT.md
ankurp/wakeup,CODE_OF_CONDUCT.md
aws-samples/aws-sdk-unity-samples,CODE_OF_CONDUCT.md
aws/amazon-ecs-init,CODE_OF_CONDUCT.md
nodeschool/cleveland,code-of-conduct.md
rikyoz/bit7z,CODE_OF_CONDUCT.md
RoboticCheese/dropbox-chef,CODE_OF_CONDUCT.md
ember-cli/broccoli-es6modules,CODE_OF_CONDUCT.md
formir/formir,CODE_OF_CONDUCT.md
EQdkpPlus/core,CODE_OF_CONDUCT.md
nodeschool/silesia,CODE-OF-CONDUCT.md
freeCodeCamp/freeCodeCamp,CODE_OF_CONDUCT.md
sakaiproject/sakai,CODE_OF_CONDUCT.md
TheDudeFromCI/WraithEngine,CODE_OF_CONDUCT.md
georust/wkt,CODE_OF_CONDUCT.md
multiOTP/multiotp,CODE_OF_CONDUCT.md
SCH-CISM/timberslide,CODE_OF_CONDUCT.md
r-lib/covr,CODE_OF_CONDUCT.md
unrelentingtech/freepass-prototype,CODE_OF_CONDUCT.md
georust/world-file,CODE_OF_CONDUCT.md
sverweij/wordywordy,CODE_OF_CONDUCT.md
RoboticCheese/mac-app-store-chef,CODE_OF_CONDUCT.md
eldersantos/phonix,CODE_OF_CONDUCT.md
billdenney/pknca,CODE_OF_CONDUCT.md
nodeschool/sanfrancisco,code-of-conduct.md
willshersystems/ansible-sshd,CODE_OF_CONDUCT.md
ember-cli/rfcs,CODE_OF_CONDUCT.md
rethinkdb/rethinkdb-dockerfiles,CODE_OF_CONDUCT.md
fnando/rails-env,CODE_OF_CONDUCT.md
taichi-ishitani/rggen,CODE_OF_CONDUCT.md
diasks2/pragmatic_segmenter,CODE_OF_CONDUCT.md
mckays630/2015-01-08-unl,CODE_OF_CONDUCT.md
chaserx/nist_randomness_beacon,CODE_OF_CONDUCT.md
JSConfBp/2015.jsconfbp.com,code-of-conduct.html
googleapis/google-http-java-client,CODE_OF_CONDUCT.md
georust/shapefile,CODE_OF_CONDUCT.md
endlessm/pulseaudio,CODE_OF_CONDUCT.md
georust/gpx,CODE_OF_CONDUCT.md
Sign2Pay/magento-sign2pay,code_of_conduct.md
NativeScript/android-runtime,CODE_OF_CONDUCT.md
tlsfuzzer/tlsfuzzer,CODE_OF_CONDUCT.md
googlemaps/google-maps-services-go,CODE_OF_CONDUCT.md
mwolff44/freeswitch-mw,CODE_OF_CONDUCT.md
georust/geocoding,CODE_OF_CONDUCT.md
stonedDiscord/serverD,CODE_OF_CONDUCT.md
georust/geo,CODE_OF_CONDUCT.md
nodeschool/international-day,code_of_conduct_ja.md
nodeschool/international-day,code_of_conduct_en.md
kirachen/canvas,code_of_conduct.md
NativeScript/ios-runtime,CODE_OF_CONDUCT.md
tunnckoCore/parse-function,CODE_OF_CONDUCT.md
fluent/fluent-bit,CODE_OF_CONDUCT.md
firsttris/node-red-contrib-homematic,CODE_OF_CONDUCT.md
ember-cli/ember-cli-terser,CODE_OF_CONDUCT.md
mantl/mantl,code-of-conduct.md
onyx-platform/onyx-dashboard,code_of_conduct.md
Iridescent-CM/technovation-app,CODE_OF_CONDUCT.md
dry-rb/dry-web,CODE_OF_CONDUCT.md
nodeschool/madrid,CODE_OF_CONDUCT.md
georust/topojson,CODE_OF_CONDUCT.md
snakeleon/YouCompleteMe-x86,CODE_OF_CONDUCT.md
PoslinskiNet/ember-introjs,CODE_OF_CONDUCT.md
yasslab/sample_apps,CODE_OF_CONDUCT.md
przemkow/workshop_szczecin,code_of_conduct.md
nodeschool/stlouis,code-of-conduct.md
veliovgroup/Meteor-Cookies,CODE_OF_CONDUCT.md
gnuradio/volk,CODE_OF_CONDUCT.md
NuGet/Home,CODE-OF-CONDUCT.md
jotson/LootTable.js,CODE_OF_CONDUCT.md
web-push-libs/encrypted-content-encoding,CODE_OF_CONDUCT.md
jotson/godot-bunnymark,CODE_OF_CONDUCT.md
finnyapp/finny-api,CODE_OF_CONDUCT.md
format-message/format-message,CODE_OF_CONDUCT.md
veliovgroup/Meteor-Template-helpers,CODE_OF_CONDUCT.md
UniversalViewer/universalviewer,CODE_OF_CONDUCT.md
mgckind/easyaccess,CODE_OF_CONDUCT.md
c9/core,CODE_OF_CONDUCT.md
SassConf/sassconf.github.io,code-of-conduct.html.gz
JuliaGeometry/TetGen.jl,CODE_OF_CONDUCT.md
SassConf/sassconf.github.io,code-of-conduct.html
marcoalopez/GrainSizeTools,CODE_OF_CONDUCT.md
sebastienrousseau/dotfiles,CODE_OF_CONDUCT.md
cronofy/omniauth-cronofy,CODE_OF_CONDUCT.md
nodeschool/vegas,code-of-conduct.md
TonFw/socials,CODE_OF_CONDUCT.md
spyder-ide/spyder,CODE_OF_CONDUCT.md
tailhq/DynaML,CODE_OF_CONDUCT.md
rom-rb/rom-yesql,CODE_OF_CONDUCT.md
FronteraConsulting/oanda_ruby_client,CODE_OF_CONDUCT.md
veliovgroup/Meteor-logger-console,CODE_OF_CONDUCT.md
hifiberry/hifiberry-os,CODE_OF_CONDUCT.md
packsaddle/ruby-git_diff_parser,CODE_OF_CONDUCT.md
abhilash1985/PredictApp,CODE_OF_CONDUCT.md
tweenjs/es6-tween,CODE_OF_CONDUCT.md
feedforce/zabbix-action-status,CODE_OF_CONDUCT.md
drmingdrmer/vim-tabbar,CODE_OF_CONDUCT.md
veliovgroup/Meteor-logger,CODE_OF_CONDUCT.md
googleapis/google-auth-library-nodejs,CODE_OF_CONDUCT.md
googleapis/google-auth-library-java,CODE_OF_CONDUCT.md
packsaddle/ruby-saddler,CODE_OF_CONDUCT.md
paulosman/withings-sdk,CODE_OF_CONDUCT.md
JoeMayo/LinqToTwitter,CODE_OF_CONDUCT.md
packsaddle/rubocop-select,CODE_OF_CONDUCT.md
packsaddle/ruby-checkstyle_filter-git,CODE_OF_CONDUCT.md
serilog/serilog-sinks-mssqlserver,CODE_OF_CONDUCT.md
cloudscrape/cloudscrape-client-ruby,CODE_OF_CONDUCT.md
gzigzigzeo/pg_closure_tree_rebuild,CODE_OF_CONDUCT.md
KarelCemus/play-redis,CODE_OF_CONDUCT.md
impress-org/givewp,CODE_OF_CONDUCT.md
packsaddle/ruby-saddler-reporter-text,CODE_OF_CONDUCT.md
nodeschool/kanpur,code-of-conduct.md
vim-scripts/vim-webdevicons,code_of_conduct.md
GNOME/dconf-editor,code-of-conduct.md
FFIG/ffig,CODE_OF_CONDUCT.md
packsaddle/ruby-saddler-reporter-github,CODE_OF_CONDUCT.md
circonus-labs/libmtev,CODE_OF_CONDUCT.md
micro/micro,CODE_OF_CONDUCT.md
sass/sassc-ruby,CODE_OF_CONDUCT.md
chef-boneyard/delivery-truck,CODE_OF_CONDUCT.md
mmnaseri/spring-data-mock,CODE_OF_CONDUCT.md
APIs-guru/openapi-directory,CODE_OF_CONDUCT.md
tcort/tcbasic,CODE_OF_CONDUCT.md
DiUS/downlink-dshell,CODE_OF_CONDUCT.md
hackers-of-umass/hackers-of-umass.github.io,CODE_OF_CONDUCT.md
packsaddle/ruby-saddler-reporter-support,CODE_OF_CONDUCT.md
creativecommons/taaccct,CODE_OF_CONDUCT.md
jocic/jQuery.Parallax,code-of-conduct.md
packsaddle/example-travis_ci-pull_request,CODE_OF_CONDUCT.md
packsaddle/ruby-uri-ssh_git,CODE_OF_CONDUCT.md
